temperature_k,pressure_pa,liquid_density_kmol_m3
350.0,300000.0,7.001210488443843
350.0,400000.0,6.9521243680994855
350.0,500000.0,7.083271714761814
350.0,600000.0,6.950605570193676
350.0,700000.0,7.018327582506981
350.0,800000.0,7.149777208486209
350.0,900000.0,7.087531439407134
350.0,1000000.0,7.078254920395067
350.0,1100000.0,7.018751320710853
350.0,1200000.0,7.014891570178662
350.0,1300000.0,7.060140644340311
350.0,1400000.0,7.040692499138969
350.0,1500000.0,6.949371333365814
350.0,1600000.0,7.176487433224479
350.0,1700000.0,6.9948539562094005
350.0,1800000.0,7.132720882914794
350.0,1900000.0,6.978629836229118
350.0,2000000.0,7.146711466836169
350.0,2100000.0,7.176715492425876
350.0,2200000.0,7.085778738092916
350.0,2300000.0,7.040627030741701
350.0,2400000.0,7.128087322583774
350.0,2500000.0,7.069226720157454
350.0,2600000.0,7.064449467010018
350.0,2700000.0,6.971647283010562
350.0,2800000.0,7.036108253226357
350.0,2900000.0,7.040699735045252
350.0,3000000.0,7.179295419989278
350.0,3100000.0,7.165333544915564
350.0,3200000.0,7.222239997465963
350.0,3300000.0,7.305402542559887
350.0,3400000.0,6.99309846925473
350.0,3500000.0,7.160702441823115
350.0,3600000.0,7.112160226898258
350.0,3700000.0,7.107274609107515
350.0,3800000.0,7.198907034685025
350.0,3900000.0,7.067000985094092
350.0,4000000.0,7.093518352237815
350.0,4100000.0,7.211370337981172
350.0,4200000.0,7.12622995491142
350.0,4300000.0,7.162485376616234
350.0,4400000.0,7.103617176558871
350.0,4500000.0,7.075268509281439
350.0,4600000.0,7.203336669774025
350.0,4700000.0,7.258520962148245
350.0,4800000.0,7.029702772724246
350.0,4900000.0,7.062037160055758
350.0,5000000.0,7.0669694556173095
400.0,500000.0,6.425288139277845
400.0,600000.0,6.452902722363471
400.0,700000.0,6.366468730266217
400.0,800000.0,6.236390194773374
400.0,900000.0,6.329051219914626
400.0,1000000.0,6.345974583934298
400.0,1100000.0,6.185584007451268
400.0,1200000.0,6.355982738987618
400.0,1300000.0,6.376798786794841
400.0,1400000.0,6.5404500179672045
400.0,1500000.0,6.448002891687235
400.0,1600000.0,6.4439552897721075
400.0,1700000.0,6.382886044708666
400.0,1800000.0,6.382187259029582
400.0,1900000.0,6.489133814184842
400.0,2000000.0,6.44542476774911
400.0,2100000.0,6.426456626884955
400.0,2200000.0,6.388044839330632
400.0,2300000.0,6.505323216135093
400.0,2400000.0,6.578365961209362
400.0,2500000.0,6.419045717840369
400.0,2600000.0,6.419452614619455
400.0,2700000.0,6.456420550367546
400.0,2800000.0,6.48076955861523
400.0,2900000.0,6.538951720860583
400.0,3000000.0,6.485850788592476
400.0,3100000.0,6.440022671068399
400.0,3200000.0,6.410594554839002
400.0,3300000.0,6.45351219239132
400.0,3400000.0,6.537159471403206
400.0,3500000.0,6.495625330091825
400.0,3600000.0,6.622837806201901
400.0,3700000.0,6.52716204339086
400.0,3800000.0,6.489156294750243
400.0,3900000.0,6.501149741672746
400.0,4000000.0,6.581469070638578
400.0,4100000.0,6.519870793188601
400.0,4200000.0,6.496065555110696
400.0,4300000.0,6.6052464116888405
400.0,4400000.0,6.544358448238239
400.0,4500000.0,6.511157708056343
400.0,4600000.0,6.475864954999324
400.0,4700000.0,6.617538405516087
400.0,4800000.0,6.6919785740650735
400.0,4900000.0,6.546896852720851
400.0,5000000.0,6.511605689941834
450.0,1700000.0,5.621973304680421
450.0,1800000.0,5.560253137818118
450.0,1900000.0,5.625456310031412
450.0,2000000.0,5.627924381806751
450.0,2100000.0,5.714839254610797
450.0,2200000.0,5.680095949317156
450.0,2300000.0,5.592229009691533
450.0,2400000.0,5.700294298340813
450.0,2500000.0,5.637659619662609
450.0,2600000.0,5.695719011129443
450.0,2700000.0,5.681015692880695
450.0,2800000.0,5.605441333818278
450.0,2900000.0,5.619597565463315
450.0,3000000.0,5.744474160208617
450.0,3100000.0,5.799923895416572
450.0,3200000.0,5.76840895487691
450.0,3300000.0,5.681324724084675
450.0,3400000.0,5.692550801914942
450.0,3500000.0,5.739835750573229
450.0,3600000.0,5.832374186193623
450.0,3700000.0,5.739129676160303
450.0,3800000.0,5.859835490620235
450.0,3900000.0,5.757347459843955
450.0,4000000.0,5.84935365879376
450.0,4100000.0,5.727079959785357
450.0,4200000.0,5.84847990969803
450.0,4300000.0,6.106385367392379
450.0,4400000.0,5.785223874372897
450.0,4500000.0,5.838257658479018
450.0,4600000.0,5.76760351519516
450.0,4700000.0,5.865580291244478
450.0,4800000.0,5.884700315912959
450.0,4900000.0,5.866510227962425
450.0,5000000.0,5.82036438444488
450.0,5100000.0,5.8098117859748255
450.0,5200000.0,5.91468679857276
450.0,5300000.0,5.8453548200931795
450.0,5400000.0,5.869678948894117
450.0,5500000.0,5.814442411476562
450.0,5600000.0,5.845910370689001
450.0,5700000.0,5.836944836447107
450.0,5800000.0,6.012558197629647
450.0,5900000.0,5.92809413879931
450.0,6000000.0,5.912672590952471
450.0,6100000.0,5.854300297714795
450.0,6200000.0,5.9519939516747336
450.0,6300000.0,5.782334077362324
450.0,6400000.0,5.8974873531192635
450.0,6500000.0,5.8546796573284245
450.0,6600000.0,6.041636944474535
450.0,6700000.0,5.9926104750537785
450.0,6800000.0,5.922127401409818
450.0,6900000.0,5.998936020353747
450.0,7000000.0,5.962931010683103
450.0,7100000.0,5.980528203981572
450.0,7200000.0,5.8345532795261486
450.0,7300000.0,5.954524587849179
450.0,7400000.0,6.006898756522551
450.0,7500000.0,5.981688356421181
500.0,3000000.0,4.339371637987871
500.0,3100000.0,4.2865439668396075
500.0,3200000.0,4.415724071264885
500.0,3300000.0,4.380099257164524
500.0,3400000.0,4.527721128330377
500.0,3500000.0,4.5230693520022545
500.0,3600000.0,4.522394722903794
500.0,3700000.0,4.553402099840729
500.0,3800000.0,4.612791805825364
500.0,3900000.0,4.558456285244192
500.0,4000000.0,4.636804421570239
500.0,4100000.0,4.623570387612833
500.0,4200000.0,4.679811372455123
500.0,4300000.0,4.698275178295381
500.0,4400000.0,4.725412474381398
500.0,4500000.0,4.70349807001966
500.0,4600000.0,4.842282241696605
500.0,4700000.0,4.777997744131587
500.0,4800000.0,4.851129204736031
500.0,4900000.0,4.838906605714415
500.0,5000000.0,4.85758942271342
500.0,5100000.0,4.879718686307074
500.0,5200000.0,4.840280866731093
500.0,5300000.0,4.943102878013313
500.0,5400000.0,4.8188839684417015
500.0,5500000.0,4.9771881940536415
500.0,5600000.0,5.012275322471255
500.0,5700000.0,4.934118344521862
500.0,5800000.0,5.01261330858607
500.0,5900000.0,4.9856417645037965
500.0,6000000.0,4.961642826036186
500.0,6100000.0,5.122385594333205
500.0,6200000.0,5.124365477875797
500.0,6300000.0,4.994951043822446
500.0,6400000.0,5.081516780271552
500.0,6500000.0,5.069874851229551
500.0,6600000.0,5.135655173000717
500.0,6700000.0,5.1058160786036355
500.0,6800000.0,5.064692861624403
500.0,6900000.0,5.145404194988644
500.0,7000000.0,5.069945549501574
500.0,7100000.0,5.431349976323908
500.0,7200000.0,5.167463541260346
500.0,7300000.0,5.046820822298044
500.0,7400000.0,5.264366162482095
500.0,7500000.0,5.12864295201395
500.0,7600000.0,5.198492029844091
500.0,7700000.0,5.243132141108439
500.0,7800000.0,5.168056517581716
500.0,7900000.0,5.230098821110501
500.0,8000000.0,5.199598919282649
500.0,8100000.0,5.281188642809297
500.0,8200000.0,5.279324697833235
500.0,8300000.0,5.303632814652151
500.0,8400000.0,5.2119156519125145
500.0,8500000.0,5.256750908873426
500.0,8600000.0,5.26873153492597
500.0,8700000.0,5.230707321560369
500.0,8800000.0,5.2998957735805385
500.0,8900000.0,5.2488483983710745
500.0,9000000.0,5.3822508323775
500.0,9100000.0,5.499521523153374
500.0,9200000.0,5.308652716063211
500.0,9300000.0,5.296430552110213
500.0,9400000.0,5.388675927919708
500.0,9500000.0,5.361601402568782
500.0,9600000.0,5.385826959759192
500.0,9700000.0,5.343860328007611
500.0,9800000.0,5.312633148398678
500.0,9900000.0,5.428274499345689
500.0,10000000.0,5.464282375648608
500.0,10100000.0,5.385640236372317
500.0,10200000.0,5.410254316600269
500.0,10300000.0,5.446495377198169
500.0,10400000.0,5.3323224746479045
500.0,10500000.0,5.4173877316003
500.0,10600000.0,5.363608686958759
500.0,10700000.0,5.475205344293642
500.0,10800000.0,5.41296395168624
500.0,10900000.0,5.417147879543886
500.0,11000000.0,5.465627418605521
500.0,11100000.0,5.486471333117467
500.0,11200000.0,5.512324606164393
500.0,11300000.0,5.417665748198448
500.0,11400000.0,5.479777105344541
500.0,11500000.0,5.575508467048529
500.0,11600000.0,5.468670517058631
500.0,11700000.0,5.531643373449521
500.0,11800000.0,5.524638982178248
500.0,11900000.0,5.560131797227363
500.0,12000000.0,5.456588589374344
500.0,12100000.0,5.554945071548189
500.0,12200000.0,5.527463472664187
500.0,12300000.0,5.51445234965569
500.0,12400000.0,5.73522121829668
500.0,12500000.0,5.430014349416378
500.0,12600000.0,5.475181680241351
500.0,12700000.0,5.576294985065622
500.0,12800000.0,5.650724905100086
500.0,12900000.0,5.55315106920163
500.0,13000000.0,5.480541136669293
500.0,13100000.0,5.604442565093204
500.0,13200000.0,5.600733963513108
500.0,13300000.0,5.814162039748673
500.0,13400000.0,5.571235736717521
500.0,13500000.0,5.513090770073048
500.0,13600000.0,5.542578958361567
500.0,13700000.0,5.6382331756935296
500.0,13800000.0,5.652854451294129
500.0,13900000.0,5.673718897682621
500.0,14000000.0,5.605579308921127
500.0,14100000.0,5.814260204175523
500.0,14200000.0,5.517622635549179
500.0,14300000.0,5.611844835490296
500.0,14400000.0,5.588914630575443
500.0,14500000.0,5.667263330872355
500.0,14600000.0,5.635120793104598
500.0,14700000.0,5.584460200288177
500.0,14800000.0,5.591750975952256
500.0,14900000.0,5.697498955715081
500.0,15000000.0,5.68042055707363
