Temperature (K)	Pressure (bar)	Density (kg/m3)	Volume (m3/kg)	Internal Energy (kJ/mol)	Enthalpy (kJ/mol)	Entropy (J/mol*K)	Cv (J/mol*K)	Cp (J/mol*K)	Sound Spd. (m/s)	Joule-Thomson (K/bar)	Viscosity (uPa*s)	Therm. Cond. (W/m*K)	Phase
350.00	3.0000	605.52	0.0016515	1.7158	1.7584	5.0021	168.62	216.40	849.15	-0.027111	187.21	0.10572	liquid
350.00	4.0000	605.69	0.0016510	1.7074	1.7643	4.9782	168.62	216.35	850.34	-0.027190	187.48	0.10578	liquid
350.00	5.0000	605.87	0.0016505	1.6991	1.7702	4.9544	168.62	216.30	851.52	-0.027269	187.75	0.10584	liquid
350.00	6.0000	606.05	0.0016500	1.6908	1.7761	4.9306	168.62	216.25	852.70	-0.027347	188.02	0.10590	liquid
350.00	7.0000	606.22	0.0016496	1.6825	1.7820	4.9069	168.62	216.20	853.88	-0.027424	188.29	0.10596	liquid
350.00	8.0000	606.40	0.0016491	1.6743	1.7880	4.8833	168.62	216.15	855.05	-0.027501	188.56	0.10603	liquid
350.00	9.0000	606.57	0.0016486	1.6661	1.7939	4.8597	168.63	216.10	856.22	-0.027577	188.83	0.10609	liquid
350.00	10.000	606.75	0.0016481	1.6579	1.7999	4.8362	168.63	216.04	857.38	-0.027653	189.09	0.10615	liquid
350.00	11.000	606.92	0.0016477	1.6497	1.8059	4.8127	168.63	216.00	858.55	-0.027729	189.36	0.10621	liquid
350.00	12.000	607.10	0.0016472	1.6415	1.8119	4.7892	168.63	215.95	859.71	-0.027803	189.63	0.10627	liquid
350.00	13.000	607.27	0.0016467	1.6334	1.8179	4.7659	168.63	215.90	860.86	-0.027877	189.90	0.10633	liquid
350.00	14.000	607.44	0.0016462	1.6253	1.8239	4.7425	168.63	215.85	862.01	-0.027951	190.16	0.10639	liquid
350.00	15.000	607.61	0.0016458	1.6172	1.8300	4.7193	168.64	215.80	863.16	-0.028024	190.43	0.10645	liquid
350.00	16.000	607.79	0.0016453	1.6091	1.8360	4.6961	168.64	215.75	864.31	-0.028097	190.69	0.10651	liquid
350.00	17.000	607.96	0.0016449	1.6011	1.8421	4.6729	168.64	215.70	865.45	-0.028169	190.96	0.10657	liquid
350.00	18.000	608.13	0.0016444	1.5931	1.8482	4.6498	168.64	215.66	866.59	-0.028241	191.22	0.10663	liquid
350.00	19.000	608.30	0.0016439	1.5851	1.8543	4.6267	168.64	215.61	867.73	-0.028312	191.49	0.10669	liquid
350.00	20.000	608.47	0.0016435	1.5771	1.8604	4.6037	168.65	215.56	868.86	-0.028383	191.75	0.10675	liquid
350.00	21.000	608.64	0.0016430	1.5692	1.8665	4.5808	168.65	215.51	869.99	-0.028453	192.02	0.10681	liquid
350.00	22.000	608.80	0.0016426	1.5612	1.8726	4.5578	168.65	215.47	871.12	-0.028523	192.28	0.10687	liquid
350.00	23.000	608.97	0.0016421	1.5533	1.8788	4.5350	168.65	215.42	872.24	-0.028592	192.55	0.10693	liquid
350.00	24.000	609.14	0.0016417	1.5454	1.8849	4.5122	168.65	215.38	873.36	-0.028661	192.81	0.10698	liquid
350.00	25.000	609.31	0.0016412	1.5376	1.8911	4.4894	168.66	215.33	874.48	-0.028729	193.07	0.10704	liquid
350.00	26.000	609.47	0.0016408	1.5297	1.8973	4.4667	168.66	215.29	875.59	-0.028797	193.34	0.10710	liquid
350.00	27.000	609.64	0.0016403	1.5219	1.9035	4.4441	168.66	215.24	876.70	-0.028865	193.60	0.10716	liquid
350.00	28.000	609.81	0.0016399	1.5141	1.9097	4.4214	168.66	215.20	877.81	-0.028932	193.86	0.10722	liquid
350.00	29.000	609.97	0.0016394	1.5063	1.9160	4.3989	168.66	215.15	878.92	-0.028998	194.12	0.10728	liquid
350.00	30.000	610.14	0.0016390	1.4985	1.9222	4.3764	168.67	215.11	880.02	-0.029064	194.39	0.10734	liquid
350.00	31.000	610.30	0.0016385	1.4908	1.9285	4.3539	168.67	215.07	881.12	-0.029130	194.65	0.10740	liquid
350.00	32.000	610.47	0.0016381	1.4830	1.9348	4.3315	168.67	215.02	882.21	-0.029195	194.91	0.10745	liquid
350.00	33.000	610.63	0.0016377	1.4753	1.9410	4.3091	168.67	214.98	883.31	-0.029260	195.17	0.10751	liquid
350.00	34.000	610.79	0.0016372	1.4676	1.9473	4.2868	168.68	214.94	884.40	-0.029324	195.43	0.10757	liquid
350.00	35.000	610.95	0.0016368	1.4600	1.9536	4.2645	168.68	214.89	885.49	-0.029388	195.69	0.10763	liquid
350.00	36.000	611.12	0.0016363	1.4523	1.9600	4.2423	168.68	214.85	886.57	-0.029452	195.95	0.10769	liquid
350.00	37.000	611.28	0.0016359	1.4447	1.9663	4.2201	168.68	214.81	887.65	-0.029515	196.21	0.10774	liquid
350.00	38.000	611.44	0.0016355	1.4371	1.9726	4.1979	168.68	214.77	888.73	-0.029578	196.47	0.10780	liquid
350.00	39.000	611.60	0.0016351	1.4295	1.9790	4.1758	168.69	214.73	889.81	-0.029640	196.73	0.10786	liquid
350.00	40.000	611.76	0.0016346	1.4219	1.9854	4.1538	168.69	214.69	890.88	-0.029702	196.99	0.10792	liquid
350.00	41.000	611.92	0.0016342	1.4144	1.9918	4.1318	168.69	214.64	891.95	-0.029764	197.25	0.10797	liquid
350.00	42.000	612.08	0.0016338	1.4068	1.9982	4.1098	168.69	214.60	893.02	-0.029825	197.51	0.10803	liquid
350.00	43.000	612.24	0.0016333	1.3993	2.0046	4.0879	168.70	214.56	894.09	-0.029886	197.76	0.10809	liquid
350.00	44.000	612.40	0.0016329	1.3918	2.0110	4.0660	168.70	214.52	895.15	-0.029947	198.02	0.10815	liquid
350.00	45.000	612.56	0.0016325	1.3843	2.0174	4.0442	168.70	214.48	896.21	-0.030007	198.28	0.10820	liquid
350.00	46.000	612.72	0.0016321	1.3769	2.0239	4.0224	168.70	214.44	897.27	-0.030066	198.54	0.10826	liquid
350.00	47.000	612.87	0.0016317	1.3694	2.0303	4.0007	168.71	214.40	898.32	-0.030126	198.80	0.10832	liquid
350.00	48.000	613.03	0.0016312	1.3620	2.0368	3.9790	168.71	214.36	899.37	-0.030185	199.05	0.10837	liquid
350.00	49.000	613.19	0.0016308	1.3546	2.0432	3.9573	168.71	214.33	900.42	-0.030243	199.31	0.10843	liquid
350.00	50.000	613.34	0.0016304	1.3472	2.0497	3.9357	168.71	214.29	901.47	-0.030301	199.57	0.10849	liquid
400.00	5.0000	550.35	0.0018170	13.089	13.167	35.355	186.43	240.58	631.62	-0.0063969	124.71	0.094280	liquid
400.00	6.0000	550.67	0.0018160	13.075	13.169	35.320	186.42	240.44	633.42	-0.0066540	124.99	0.094361	liquid
400.00	7.0000	550.99	0.0018149	13.061	13.170	35.285	186.42	240.30	635.22	-0.0069076	125.26	0.094441	liquid
400.00	8.0000	551.31	0.0018139	13.047	13.172	35.250	186.41	240.16	637.01	-0.0071576	125.53	0.094521	liquid
400.00	9.0000	551.63	0.0018128	13.033	13.174	35.215	186.40	240.02	638.78	-0.0074042	125.81	0.094600	liquid
400.00	10.000	551.94	0.0018118	13.019	13.175	35.181	186.40	239.89	640.55	-0.0076474	126.08	0.094679	liquid
400.00	11.000	552.26	0.0018108	13.006	13.177	35.146	186.39	239.75	642.30	-0.0078874	126.35	0.094758	liquid
400.00	12.000	552.57	0.0018097	12.992	13.179	35.112	186.38	239.62	644.05	-0.0081241	126.62	0.094837	liquid
400.00	13.000	552.88	0.0018087	12.979	13.181	35.078	186.38	239.49	645.78	-0.0083577	126.89	0.094915	liquid
400.00	14.000	553.18	0.0018077	12.965	13.183	35.044	186.37	239.36	647.51	-0.0085882	127.15	0.094993	liquid
400.00	15.000	553.49	0.0018067	12.952	13.185	35.011	186.37	239.24	649.23	-0.0088157	127.42	0.095071	liquid
400.00	16.000	553.79	0.0018057	12.938	13.187	34.977	186.36	239.11	650.93	-0.0090403	127.69	0.095148	liquid
400.00	17.000	554.10	0.0018047	12.925	13.190	34.944	186.36	238.99	652.63	-0.0092620	127.95	0.095226	liquid
400.00	18.000	554.40	0.0018038	12.912	13.192	34.910	186.35	238.87	654.32	-0.0094809	128.22	0.095302	liquid
400.00	19.000	554.69	0.0018028	12.899	13.194	34.877	186.35	238.75	656.00	-0.0096969	128.48	0.095379	liquid
400.00	20.000	554.99	0.0018018	12.886	13.196	34.844	186.34	238.63	657.67	-0.0099103	128.74	0.095456	liquid
400.00	21.000	555.29	0.0018009	12.873	13.199	34.811	186.34	238.51	659.33	-0.010121	129.00	0.095532	liquid
400.00	22.000	555.58	0.0017999	12.860	13.201	34.779	186.33	238.40	660.99	-0.010329	129.26	0.095608	liquid
400.00	23.000	555.87	0.0017990	12.847	13.204	34.746	186.33	238.28	662.63	-0.010535	129.52	0.095683	liquid
400.00	24.000	556.16	0.0017980	12.834	13.206	34.714	186.32	238.17	664.27	-0.010738	129.78	0.095759	liquid
400.00	25.000	556.45	0.0017971	12.822	13.209	34.681	186.32	238.06	665.90	-0.010938	130.04	0.095834	liquid
400.00	26.000	556.74	0.0017962	12.809	13.212	34.649	186.31	237.95	667.52	-0.011137	130.30	0.095909	liquid
400.00	27.000	557.02	0.0017953	12.797	13.214	34.617	186.31	237.84	669.13	-0.011332	130.56	0.095983	liquid
400.00	28.000	557.31	0.0017943	12.784	13.217	34.585	186.30	237.73	670.74	-0.011526	130.82	0.096058	liquid
400.00	29.000	557.59	0.0017934	12.772	13.220	34.554	186.30	237.62	672.34	-0.011717	131.07	0.096132	liquid
400.00	30.000	557.87	0.0017925	12.759	13.223	34.522	186.30	237.52	673.93	-0.011906	131.33	0.096206	liquid
400.00	31.000	558.15	0.0017916	12.747	13.225	34.491	186.29	237.41	675.51	-0.012093	131.58	0.096280	liquid
400.00	32.000	558.43	0.0017907	12.734	13.228	34.459	186.29	237.31	677.08	-0.012278	131.84	0.096353	liquid
400.00	33.000	558.71	0.0017898	12.722	13.231	34.428	186.29	237.21	678.65	-0.012460	132.09	0.096426	liquid
400.00	34.000	558.98	0.0017890	12.710	13.234	34.397	186.28	237.11	680.21	-0.012641	132.34	0.096500	liquid
400.00	35.000	559.26	0.0017881	12.698	13.237	34.366	186.28	237.01	681.76	-0.012819	132.59	0.096572	liquid
400.00	36.000	559.53	0.0017872	12.686	13.240	34.335	186.28	236.91	683.31	-0.012996	132.84	0.096645	liquid
400.00	37.000	559.80	0.0017863	12.674	13.243	34.304	186.27	236.81	684.84	-0.013171	133.09	0.096717	liquid
400.00	38.000	560.07	0.0017855	12.662	13.246	34.274	186.27	236.71	686.38	-0.013343	133.34	0.096790	liquid
400.00	39.000	560.34	0.0017846	12.650	13.250	34.243	186.27	236.62	687.90	-0.013514	133.59	0.096862	liquid
400.00	40.000	560.61	0.0017838	12.638	13.253	34.213	186.26	236.52	689.42	-0.013683	133.84	0.096933	liquid
400.00	41.000	560.88	0.0017829	12.626	13.256	34.182	186.26	236.43	690.93	-0.013850	134.09	0.097005	liquid
400.00	42.000	561.14	0.0017821	12.614	13.259	34.152	186.26	236.34	692.43	-0.014015	134.34	0.097076	liquid
400.00	43.000	561.41	0.0017812	12.603	13.263	34.122	186.26	236.25	693.93	-0.014179	134.58	0.097147	liquid
400.00	44.000	561.67	0.0017804	12.591	13.266	34.092	186.25	236.16	695.42	-0.014340	134.83	0.097218	liquid
400.00	45.000	561.93	0.0017796	12.579	13.270	34.062	186.25	236.07	696.91	-0.014500	135.08	0.097289	liquid
400.00	46.000	562.19	0.0017788	12.568	13.273	34.033	186.25	235.98	698.38	-0.014659	135.32	0.097360	liquid
400.00	47.000	562.45	0.0017779	12.556	13.276	34.003	186.25	235.89	699.86	-0.014815	135.57	0.097430	liquid
400.00	48.000	562.71	0.0017771	12.545	13.280	33.974	186.25	235.80	701.32	-0.014971	135.81	0.097500	liquid
400.00	49.000	562.97	0.0017763	12.533	13.284	33.944	186.24	235.72	702.78	-0.015124	136.05	0.097570	liquid
400.00	50.000	563.22	0.0017755	12.522	13.287	33.915	186.24	235.63	704.23	-0.015276	136.30	0.097640	liquid
450.00	17.000	483.59	0.0020679	25.604	25.907	64.863	204.42	273.62	424.38	0.041607	83.769	0.085219	liquid
450.00	18.000	484.33	0.0020647	25.576	25.896	64.798	204.38	273.04	427.53	0.040322	84.128	0.085337	liquid
450.00	19.000	485.05	0.0020616	25.548	25.885	64.735	204.35	272.47	430.63	0.039082	84.482	0.085453	liquid
450.00	20.000	485.77	0.0020586	25.520	25.875	64.672	204.31	271.93	433.68	0.037884	84.833	0.085568	liquid
450.00	21.000	486.47	0.0020556	25.493	25.865	64.610	204.28	271.41	436.69	0.036726	85.180	0.085682	liquid
450.00	22.000	487.16	0.0020527	25.466	25.855	64.549	204.25	270.90	439.66	0.035606	85.523	0.085795	liquid
450.00	23.000	487.84	0.0020498	25.439	25.845	64.489	204.22	270.41	442.59	0.034522	85.863	0.085907	liquid
450.00	24.000	488.51	0.0020470	25.413	25.836	64.429	204.19	269.93	445.48	0.033471	86.200	0.086018	liquid
450.00	25.000	489.17	0.0020443	25.387	25.827	64.370	204.16	269.47	448.34	0.032453	86.533	0.086128	liquid
450.00	26.000	489.83	0.0020415	25.361	25.819	64.312	204.13	269.02	451.16	0.031465	86.863	0.086237	liquid
450.00	27.000	490.47	0.0020389	25.336	25.810	64.254	204.11	268.59	453.94	0.030507	87.191	0.086345	liquid
450.00	28.000	491.10	0.0020362	25.311	25.802	64.197	204.08	268.17	456.70	0.029576	87.515	0.086453	liquid
450.00	29.000	491.73	0.0020336	25.286	25.794	64.141	204.06	267.76	459.42	0.028672	87.836	0.086559	liquid
450.00	30.000	492.35	0.0020311	25.262	25.787	64.085	204.03	267.36	462.10	0.027793	88.155	0.086665	liquid
450.00	31.000	492.96	0.0020286	25.238	25.780	64.030	204.01	266.97	464.76	0.026938	88.471	0.086770	liquid
450.00	32.000	493.56	0.0020261	25.214	25.772	63.976	203.98	266.60	467.39	0.026107	88.784	0.086874	liquid
450.00	33.000	494.15	0.0020237	25.190	25.766	63.922	203.96	266.23	469.99	0.025297	89.095	0.086978	liquid
450.00	34.000	494.74	0.0020213	25.167	25.759	63.868	203.94	265.87	472.56	0.024508	89.403	0.087081	liquid
450.00	35.000	495.32	0.0020189	25.144	25.753	63.815	203.92	265.53	475.10	0.023740	89.709	0.087183	liquid
450.00	36.000	495.89	0.0020166	25.121	25.746	63.763	203.89	265.19	477.62	0.022990	90.013	0.087284	liquid
450.00	37.000	496.46	0.0020143	25.098	25.740	63.711	203.87	264.86	480.12	0.022260	90.314	0.087385	liquid
450.00	38.000	497.02	0.0020120	25.076	25.735	63.660	203.85	264.53	482.58	0.021547	90.613	0.087484	liquid
450.00	39.000	497.58	0.0020097	25.054	25.729	63.609	203.83	264.22	485.03	0.020851	90.910	0.087584	liquid
450.00	40.000	498.12	0.0020075	25.032	25.724	63.558	203.81	263.91	487.45	0.020172	91.205	0.087682	liquid
450.00	41.000	498.67	0.0020053	25.010	25.718	63.508	203.80	263.61	489.84	0.019509	91.498	0.087780	liquid
450.00	42.000	499.20	0.0020032	24.988	25.713	63.459	203.78	263.32	492.22	0.018861	91.789	0.087878	liquid
450.00	43.000	499.73	0.0020011	24.967	25.708	63.409	203.76	263.03	494.57	0.018228	92.078	0.087974	liquid
450.00	44.000	500.26	0.0019990	24.946	25.704	63.361	203.74	262.75	496.90	0.017608	92.365	0.088071	liquid
450.00	45.000	500.78	0.0019969	24.925	25.699	63.312	203.73	262.47	499.21	0.017003	92.651	0.088166	liquid
450.00	46.000	501.29	0.0019948	24.904	25.695	63.264	203.71	262.20	501.50	0.016411	92.934	0.088261	liquid
450.00	47.000	501.80	0.0019928	24.883	25.691	63.217	203.69	261.94	503.78	0.015831	93.216	0.088356	liquid
450.00	48.000	502.31	0.0019908	24.863	25.687	63.169	203.68	261.68	506.03	0.015263	93.496	0.088450	liquid
450.00	49.000	502.80	0.0019888	24.843	25.683	63.123	203.66	261.43	508.26	0.014708	93.774	0.088543	liquid
450.00	50.000	503.30	0.0019869	24.823	25.679	63.076	203.65	261.18	510.47	0.014164	94.050	0.088636	liquid
450.00	51.000	503.79	0.0019850	24.803	25.675	63.030	203.63	260.94	512.67	0.013631	94.325	0.088728	liquid
450.00	52.000	504.27	0.0019830	24.783	25.672	62.984	203.62	260.70	514.85	0.013108	94.599	0.088820	liquid
450.00	53.000	504.76	0.0019812	24.763	25.668	62.939	203.60	260.47	517.01	0.012596	94.871	0.088912	liquid
450.00	54.000	505.23	0.0019793	24.744	25.665	62.894	203.59	260.24	519.15	0.012094	95.141	0.089003	liquid
450.00	55.000	505.70	0.0019774	24.725	25.662	62.849	203.58	260.02	521.28	0.011602	95.410	0.089093	liquid
450.00	56.000	506.17	0.0019756	24.706	25.659	62.805	203.56	259.80	523.39	0.011119	95.677	0.089183	liquid
450.00	57.000	506.64	0.0019738	24.687	25.656	62.761	203.55	259.58	525.48	0.010646	95.943	0.089273	liquid
450.00	58.000	507.10	0.0019720	24.668	25.654	62.717	203.54	259.37	527.56	0.010181	96.208	0.089362	liquid
450.00	59.000	507.55	0.0019702	24.649	25.651	62.673	203.53	259.16	529.62	0.0097244	96.471	0.089450	liquid
450.00	60.000	508.00	0.0019685	24.631	25.649	62.630	203.52	258.96	531.67	0.0092765	96.733	0.089538	liquid
450.00	61.000	508.45	0.0019668	24.612	25.646	62.587	203.50	258.76	533.70	0.0088367	96.994	0.089626	liquid
450.00	62.000	508.90	0.0019650	24.594	25.644	62.545	203.49	258.56	535.72	0.0084047	97.253	0.089713	liquid
450.00	63.000	509.34	0.0019633	24.576	25.642	62.502	203.48	258.37	537.73	0.0079804	97.511	0.089800	liquid
450.00	64.000	509.77	0.0019617	24.558	25.640	62.460	203.47	258.18	539.72	0.0075635	97.768	0.089887	liquid
450.00	65.000	510.21	0.0019600	24.540	25.638	62.419	203.46	257.99	541.70	0.0071538	98.023	0.089973	liquid
450.00	66.000	510.64	0.0019583	24.522	25.636	62.377	203.45	257.81	543.66	0.0067511	98.278	0.090059	liquid
450.00	67.000	511.07	0.0019567	24.505	25.634	62.336	203.44	257.62	545.61	0.0063552	98.531	0.090144	liquid
450.00	68.000	511.49	0.0019551	24.487	25.633	62.295	203.43	257.45	547.55	0.0059660	98.783	0.090229	liquid
450.00	69.000	511.91	0.0019535	24.470	25.631	62.254	203.42	257.27	549.47	0.0055832	99.034	0.090314	liquid
450.00	70.000	512.33	0.0019519	24.453	25.630	62.214	203.41	257.10	551.38	0.0052067	99.284	0.090398	liquid
450.00	71.000	512.74	0.0019503	24.435	25.629	62.173	203.40	256.93	553.28	0.0048364	99.532	0.090482	liquid
450.00	72.000	513.15	0.0019487	24.418	25.628	62.133	203.39	256.76	555.17	0.0044720	99.780	0.090565	liquid
450.00	73.000	513.56	0.0019472	24.401	25.626	62.094	203.38	256.60	557.05	0.0041134	100.03	0.090648	liquid
450.00	74.000	513.97	0.0019457	24.385	25.625	62.054	203.38	256.43	558.91	0.0037605	100.27	0.090731	liquid
450.00	75.000	514.37	0.0019441	24.368	25.624	62.015	203.37	256.28	560.76	0.0034131	100.52	0.090813	liquid
500.00	30.000	369.25	0.0027082	40.259	40.959	95.963	227.18	400.87	183.14	0.36569	47.985	0.077090	liquid
500.00	31.000	374.11	0.0026730	40.110	40.824	95.646	226.39	383.71	193.94	0.32499	49.102	0.077231	liquid
500.00	32.000	378.33	0.0026432	39.979	40.708	95.368	225.75	371.06	203.58	0.29357	50.099	0.077401	liquid
500.00	33.000	382.08	0.0026172	39.861	40.605	95.117	225.23	361.22	212.35	0.26834	51.007	0.077584	liquid
500.00	34.000	385.47	0.0025942	39.753	40.513	94.888	224.78	353.29	220.43	0.24749	51.844	0.077772	liquid
500.00	35.000	388.57	0.0025735	39.653	40.430	94.677	224.39	346.73	227.96	0.22988	52.625	0.077962	liquid
500.00	36.000	391.44	0.0025547	39.561	40.353	94.480	224.06	341.17	235.02	0.21475	53.359	0.078151	liquid
500.00	37.000	394.10	0.0025374	39.474	40.283	94.295	223.76	336.39	241.70	0.20157	54.054	0.078338	liquid
500.00	38.000	396.59	0.0025215	39.392	40.217	94.121	223.49	332.21	248.03	0.18996	54.714	0.078523	liquid
500.00	39.000	398.94	0.0025067	39.314	40.156	93.955	223.24	328.52	254.07	0.17962	55.345	0.078705	liquid
500.00	40.000	401.16	0.0024928	39.240	40.099	93.798	223.02	325.24	259.84	0.17034	55.950	0.078884	liquid
500.00	41.000	403.26	0.0024798	39.169	40.045	93.647	222.82	322.28	265.39	0.16196	56.532	0.079059	liquid
500.00	42.000	405.27	0.0024675	39.102	39.995	93.503	222.64	319.61	270.72	0.15433	57.094	0.079232	liquid
500.00	43.000	407.18	0.0024559	39.037	39.947	93.365	222.47	317.17	275.87	0.14736	57.636	0.079402	liquid
500.00	44.000	409.02	0.0024449	38.974	39.901	93.231	222.31	314.94	280.85	0.14095	58.162	0.079568	liquid
500.00	45.000	410.78	0.0024344	38.914	39.858	93.103	222.17	312.89	285.67	0.13504	58.672	0.079732	liquid
500.00	46.000	412.47	0.0024244	38.855	39.816	92.978	222.03	310.99	290.35	0.12956	59.168	0.079893	liquid
500.00	47.000	414.10	0.0024149	38.799	39.777	92.858	221.90	309.23	294.89	0.12446	59.651	0.080051	liquid
500.00	48.000	415.68	0.0024057	38.744	39.739	92.741	221.78	307.58	299.32	0.11971	60.122	0.080206	liquid
500.00	49.000	417.20	0.0023969	38.691	39.703	92.628	221.67	306.05	303.62	0.11526	60.582	0.080360	liquid
500.00	50.000	418.67	0.0023885	38.640	39.669	92.517	221.56	304.61	307.83	0.11109	61.031	0.080510	liquid
500.00	51.000	420.10	0.0023804	38.590	39.636	92.410	221.46	303.26	311.93	0.10717	61.470	0.080659	liquid
500.00	52.000	421.49	0.0023725	38.541	39.604	92.305	221.37	301.98	315.94	0.10347	61.901	0.080805	liquid
500.00	53.000	422.84	0.0023650	38.493	39.573	92.203	221.28	300.78	319.86	0.099982	62.323	0.080949	liquid
500.00	54.000	424.15	0.0023577	38.447	39.544	92.103	221.19	299.64	323.70	0.096677	62.736	0.081091	liquid
500.00	55.000	425.42	0.0023506	38.401	39.515	92.006	221.11	298.56	327.47	0.093544	63.142	0.081232	liquid
500.00	56.000	426.67	0.0023438	38.357	39.488	91.911	221.03	297.54	331.15	0.090569	63.541	0.081370	liquid
500.00	57.000	427.88	0.0023371	38.313	39.461	91.817	220.96	296.56	334.77	0.087738	63.933	0.081507	liquid
500.00	58.000	429.06	0.0023307	38.271	39.436	91.726	220.89	295.63	338.32	0.085042	64.319	0.081641	liquid
500.00	59.000	430.22	0.0023244	38.229	39.411	91.636	220.82	294.74	341.81	0.082469	64.698	0.081775	liquid
500.00	60.000	431.35	0.0023183	38.188	39.387	91.549	220.76	293.89	345.24	0.080012	65.071	0.081906	liquid
500.00	61.000	432.45	0.0023124	38.148	39.364	91.462	220.70	293.08	348.61	0.077661	65.439	0.082036	liquid
500.00	62.000	433.53	0.0023066	38.109	39.342	91.378	220.64	292.30	351.93	0.075410	65.802	0.082165	liquid
500.00	63.000	434.59	0.0023010	38.071	39.320	91.295	220.58	291.56	355.19	0.073252	66.159	0.082292	liquid
500.00	64.000	435.63	0.0022955	38.033	39.299	91.213	220.53	290.84	358.41	0.071181	66.512	0.082418	liquid
500.00	65.000	436.64	0.0022902	37.996	39.278	91.133	220.48	290.15	361.57	0.069192	66.860	0.082542	liquid
500.00	66.000	437.64	0.0022850	37.959	39.259	91.054	220.43	289.48	364.69	0.067279	67.203	0.082665	liquid
500.00	67.000	438.62	0.0022799	37.923	39.240	90.976	220.38	288.85	367.77	0.065438	67.542	0.082787	liquid
500.00	68.000	439.58	0.0022749	37.888	39.221	90.900	220.33	288.23	370.80	0.063664	67.877	0.082907	liquid
500.00	69.000	440.52	0.0022700	37.853	39.203	90.824	220.29	287.63	373.79	0.061954	68.208	0.083027	liquid
500.00	70.000	441.45	0.0022653	37.819	39.185	90.750	220.24	287.06	376.74	0.060304	68.535	0.083145	liquid
500.00	71.000	442.36	0.0022606	37.785	39.168	90.677	220.20	286.50	379.65	0.058711	68.859	0.083262	liquid
500.00	72.000	443.25	0.0022560	37.752	39.152	90.605	220.16	285.97	382.53	0.057172	69.178	0.083378	liquid
500.00	73.000	444.14	0.0022516	37.719	39.135	90.534	220.12	285.45	385.37	0.055683	69.495	0.083493	liquid
500.00	74.000	445.00	0.0022472	37.687	39.120	90.464	220.09	284.94	388.17	0.054243	69.808	0.083607	liquid
500.00	75.000	445.85	0.0022429	37.655	39.105	90.394	220.05	284.45	390.95	0.052849	70.118	0.083720	liquid
500.00	76.000	446.69	0.0022387	37.624	39.090	90.326	220.01	283.98	393.68	0.051498	70.425	0.083832	liquid
500.00	77.000	447.52	0.0022345	37.593	39.075	90.259	219.98	283.52	396.39	0.050188	70.728	0.083944	liquid
500.00	78.000	448.33	0.0022305	37.562	39.061	90.192	219.95	283.07	399.07	0.048918	71.029	0.084054	liquid
500.00	79.000	449.14	0.0022265	37.532	39.048	90.126	219.92	282.64	401.72	0.047685	71.327	0.084163	liquid
500.00	80.000	449.93	0.0022226	37.502	39.034	90.062	219.88	282.22	404.34	0.046489	71.622	0.084272	liquid
500.00	81.000	450.71	0.0022187	37.473	39.021	89.997	219.85	281.81	406.93	0.045326	71.915	0.084379	liquid
500.00	82.000	451.47	0.0022150	37.444	39.009	89.934	219.83	281.41	409.49	0.044196	72.205	0.084486	liquid
500.00	83.000	452.23	0.0022112	37.415	38.996	89.871	219.80	281.02	412.03	0.043097	72.492	0.084592	liquid
500.00	84.000	452.98	0.0022076	37.387	38.985	89.809	219.77	280.64	414.54	0.042028	72.777	0.084697	liquid
500.00	85.000	453.72	0.0022040	37.358	38.973	89.748	219.74	280.27	417.03	0.040988	73.060	0.084802	liquid
500.00	86.000	454.45	0.0022005	37.331	38.962	89.687	219.72	279.91	419.49	0.039975	73.340	0.084905	liquid
500.00	87.000	455.17	0.0021970	37.303	38.951	89.627	219.69	279.56	421.93	0.038988	73.618	0.085008	liquid
500.00	88.000	455.88	0.0021936	37.276	38.940	89.568	219.67	279.22	424.35	0.038026	73.894	0.085111	liquid
500.00	89.000	456.58	0.0021902	37.249	38.929	89.509	219.65	278.89	426.75	0.037089	74.168	0.085212	liquid
500.00	90.000	457.27	0.0021869	37.223	38.919	89.451	219.62	278.56	429.12	0.036175	74.440	0.085313	liquid
500.00	91.000	457.96	0.0021836	37.197	38.909	89.394	219.60	278.24	431.47	0.035283	74.709	0.085413	liquid
500.00	92.000	458.63	0.0021804	37.171	38.899	89.337	219.58	277.93	433.80	0.034413	74.977	0.085513	liquid
500.00	93.000	459.30	0.0021772	37.145	38.890	89.280	219.56	277.63	436.11	0.033563	75.243	0.085612	liquid
500.00	94.000	459.96	0.0021741	37.120	38.881	89.224	219.54	277.33	438.40	0.032733	75.507	0.085710	liquid
500.00	95.000	460.62	0.0021710	37.095	38.872	89.169	219.52	277.04	440.67	0.031923	75.769	0.085808	liquid
500.00	96.000	461.26	0.0021680	37.070	38.863	89.114	219.50	276.75	442.92	0.031130	76.029	0.085905	liquid
500.00	97.000	461.90	0.0021650	37.045	38.855	89.060	219.48	276.48	445.16	0.030356	76.287	0.086002	liquid
500.00	98.000	462.53	0.0021620	37.020	38.846	89.006	219.46	276.20	447.37	0.029599	76.544	0.086098	liquid
500.00	99.000	463.16	0.0021591	36.996	38.838	88.952	219.45	275.94	449.57	0.028859	76.799	0.086193	liquid
500.00	100.00	463.78	0.0021562	36.972	38.830	88.900	219.43	275.67	451.75	0.028134	77.053	0.086288	liquid
500.00	101.00	464.39	0.0021534	36.949	38.823	88.847	219.41	275.42	453.91	0.027425	77.305	0.086382	liquid
500.00	102.00	465.00	0.0021506	36.925	38.815	88.795	219.40	275.17	456.06	0.026731	77.555	0.086476	liquid
500.00	103.00	465.60	0.0021478	36.902	38.808	88.744	219.38	274.92	458.19	0.026052	77.804	0.086569	liquid
500.00	104.00	466.19	0.0021450	36.879	38.801	88.692	219.36	274.68	460.30	0.025386	78.051	0.086662	liquid
500.00	105.00	466.78	0.0021423	36.856	38.794	88.642	219.35	274.44	462.40	0.024735	78.297	0.086754	liquid
500.00	106.00	467.36	0.0021397	36.833	38.787	88.591	219.34	274.21	464.48	0.024096	78.541	0.086846	liquid
500.00	107.00	467.94	0.0021370	36.810	38.781	88.542	219.32	273.98	466.55	0.023470	78.784	0.086937	liquid
500.00	108.00	468.51	0.0021344	36.788	38.775	88.492	219.31	273.76	468.60	0.022856	79.026	0.087028	liquid
500.00	109.00	469.08	0.0021319	36.766	38.768	88.443	219.29	273.54	470.64	0.022254	79.266	0.087118	liquid
500.00	110.00	469.64	0.0021293	36.744	38.762	88.394	219.28	273.33	472.66	0.021664	79.505	0.087208	liquid
500.00	111.00	470.19	0.0021268	36.722	38.756	88.346	219.27	273.11	474.67	0.021085	79.742	0.087298	liquid
500.00	112.00	470.74	0.0021243	36.701	38.751	88.298	219.26	272.91	476.67	0.020517	79.978	0.087387	liquid
500.00	113.00	471.29	0.0021218	36.679	38.745	88.250	219.24	272.70	478.65	0.019960	80.213	0.087475	liquid
500.00	114.00	471.83	0.0021194	36.658	38.740	88.203	219.23	272.50	480.62	0.019412	80.447	0.087563	liquid
500.00	115.00	472.36	0.0021170	36.637	38.735	88.156	219.22	272.31	482.58	0.018875	80.680	0.087651	liquid
500.00	116.00	472.89	0.0021146	36.616	38.730	88.109	219.21	272.11	484.52	0.018348	80.911	0.087738	liquid
500.00	117.00	473.42	0.0021123	36.595	38.725	88.063	219.20	271.92	486.45	0.017830	81.141	0.087825	liquid
500.00	118.00	473.94	0.0021100	36.574	38.720	88.017	219.19	271.73	488.37	0.017321	81.370	0.087911	liquid
500.00	119.00	474.46	0.0021077	36.554	38.715	87.972	219.18	271.55	490.28	0.016821	81.598	0.087998	liquid
500.00	120.00	474.97	0.0021054	36.534	38.711	87.926	219.17	271.37	492.17	0.016330	81.825	0.088083	liquid
500.00	121.00	475.48	0.0021031	36.513	38.706	87.881	219.16	271.19	494.06	0.015847	82.051	0.088169	liquid
500.00	122.00	475.99	0.0021009	36.493	38.702	87.837	219.15	271.01	495.93	0.015372	82.276	0.088253	liquid
500.00	123.00	476.49	0.0020987	36.474	38.698	87.792	219.14	270.84	497.79	0.014905	82.499	0.088338	liquid
500.00	124.00	476.99	0.0020965	36.454	38.694	87.748	219.13	270.67	499.64	0.014447	82.722	0.088422	liquid
500.00	125.00	477.48	0.0020943	36.434	38.690	87.704	219.12	270.50	501.48	0.013995	82.943	0.088506	liquid
500.00	126.00	477.97	0.0020922	36.415	38.687	87.661	219.11	270.34	503.30	0.013551	83.164	0.088589	liquid
500.00	127.00	478.45	0.0020901	36.396	38.683	87.617	219.10	270.18	505.12	0.013115	83.384	0.088673	liquid
500.00	128.00	478.93	0.0020880	36.376	38.679	87.575	219.10	270.02	506.93	0.012685	83.602	0.088755	liquid
500.00	129.00	479.41	0.0020859	36.357	38.676	87.532	219.09	269.86	508.72	0.012262	83.820	0.088838	liquid
500.00	130.00	479.89	0.0020838	36.338	38.673	87.489	219.08	269.71	510.51	0.011846	84.037	0.088920	liquid
500.00	131.00	480.36	0.0020818	36.320	38.670	87.447	219.07	269.55	512.28	0.011436	84.252	0.089002	liquid
500.00	132.00	480.82	0.0020798	36.301	38.667	87.405	219.07	269.40	514.05	0.011033	84.467	0.089083	liquid
500.00	133.00	481.29	0.0020778	36.282	38.664	87.364	219.06	269.25	515.80	0.010636	84.681	0.089164	liquid
500.00	134.00	481.75	0.0020758	36.264	38.661	87.322	219.05	269.11	517.55	0.010245	84.895	0.089245	liquid
500.00	135.00	482.20	0.0020738	36.246	38.658	87.281	219.05	268.96	519.29	0.0098600	85.107	0.089326	liquid
500.00	136.00	482.66	0.0020719	36.227	38.656	87.240	219.04	268.82	521.02	0.0094807	85.318	0.089406	liquid
500.00	137.00	483.11	0.0020699	36.209	38.653	87.199	219.03	268.68	522.73	0.0091070	85.529	0.089486	liquid
500.00	138.00	483.56	0.0020680	36.191	38.651	87.159	219.03	268.54	524.44	0.0087389	85.739	0.089565	liquid
500.00	139.00	484.00	0.0020661	36.174	38.648	87.119	219.02	268.41	526.14	0.0083761	85.947	0.089644	liquid
500.00	140.00	484.44	0.0020642	36.156	38.646	87.079	219.02	268.27	527.84	0.0080186	86.156	0.089723	liquid
500.00	141.00	484.88	0.0020624	36.138	38.644	87.039	219.01	268.14	529.52	0.0076662	86.363	0.089802	liquid
500.00	142.00	485.31	0.0020605	36.121	38.642	86.999	219.00	268.01	531.19	0.0073189	86.569	0.089881	liquid
500.00	143.00	485.75	0.0020587	36.103	38.640	86.960	219.00	267.88	532.86	0.0069765	86.775	0.089959	liquid
500.00	144.00	486.18	0.0020569	36.086	38.638	86.921	218.99	267.75	534.52	0.0066389	86.980	0.090037	liquid
500.00	145.00	486.60	0.0020551	36.069	38.637	86.882	218.99	267.63	536.17	0.0063060	87.185	0.090114	liquid
500.00	146.00	487.03	0.0020533	36.052	38.635	86.843	218.98	267.50	537.81	0.0059777	87.388	0.090192	liquid
500.00	147.00	487.45	0.0020515	36.035	38.633	86.805	218.98	267.38	539.44	0.0056540	87.591	0.090269	liquid
500.00	148.00	487.87	0.0020497	36.018	38.632	86.767	218.98	267.26	541.07	0.0053346	87.793	0.090345	liquid
500.00	149.00	488.28	0.0020480	36.001	38.631	86.729	218.97	267.14	542.68	0.0050196	87.994	0.090422	liquid
500.00	150.00	488.69	0.0020463	35.984	38.629	86.691	218.97	267.02	544.29	0.0047088	88.195	0.090498	liquid
